{"episode": 9999, "cumulative_reward": 0.661161289550364, "epsilon": 0.01, "_timestamp": 1742592203, "_runtime": 2501, "_step": 10099, "sum_reward": 0.40946736905723813, "sum_count": 0.462, "_wandb": {"runtime": 2502}}