{"q_values": {"(-1, 0, 1, 1)": [0.0, 0.0, 0.0, 0.0, 0.0, 0.0, 0.19885840415954592, 0.0, 0.0], "(-1, 0, 0, -1)": [0.0, 0.0, 0.0, 0.0, 0.0, 0.0, 0.0, 0.19899281263351443, 0.0], "(-1, 0, 1, 2)": [0.0, 0.0, 0.0, 0.0, 0.0, 0.0, 0.19862638711929323, 0.0, 0.0], "(-1, 0, 2, 3)": [0.0, 0.0, 0.0, 0.0, 0.0, 0.0, 0.0, 0.19824907779693604, 0.0], "(-1, 0, 2, 4)": [0.0, 0.0, 0.0, 0.0, 0.0, 0.0, 0.0, 0.19766640663146973, 0.0], "(-1, 0, 3, 5)": [0.0, 0.0, 0.0, 0.0, 0.0, 0.19690746068954468, 0.0, 0.19591903686523438, 0.0], "(-1, 0, 4, 6)": [0.0, 0.0, 0.0, 0.0, 0.19332374334335328, 0.19468643665313723, 0.0, 0.0, 0.0], "(0, 1, 3, 6)": [0.0, 0.0, 0.1839868426322937, 0.0, 0.2429755250621319, 0.19181820154190066, 0.16718132495880128, 0.0, 0.3657954108476639], "(0, 1, 4, 7)": [0.0, 0.24598350922350887, 0.187804114818573, 0.0, 0.0, 0.0, 0.0, 0.0, 0.0], "(0, 1, 4, 6)": [0.0, 0.0, 0.0, 0.223795266699791, 0.0, 0.0, 0.0, 0.0, 0.0], "(0, 1, 2, 5)": [0.0, 0.0, 0.0, 0.0, 0.0, 0.0, 0.1820451855659485, 0.0, 0.0], "(0, 1, 3, 5)": [0.0, 0.0, 0.0, 0.0, 0.0, 0.0, 0.21767153317928317, 0.0, 0.0], "(0, 1, 3, 7)": [0.0, 0.0, 0.0, 0.0, 0.0, 0.0, 0.0, -0.43687167167663576, 0.0], "(0, 0, 0, 0)": [0.0, 0.0, 0.0, 0.0, 0.0, 0.0, 0.0, 0.0, 0.0]}}