{"q_values": {"(-1, 0, 0, -1)": [0.0, 0.0, 0.0, 0.0, 0.0, 0.0, 0.0, 0.00994964063167572, 0.0], "(-1, 0, 1, 1)": [0.0, 0.0, 0.0, 0.0, 0.0, 0.0, 0.009942920207977294, 0.0, 0.0], "(-1, 0, 1, 2)": [0.0, 0.0, 0.0, 0.0, 0.0, 0.0, 0.009931319355964661, 0.0, 0.0], "(-1, 0, 2, 3)": [0.0, 0.0, 0.0, 0.0, 0.0, 0.0, 0.0, 0.009912453889846802, 0.0], "(-1, 0, 2, 4)": [0.0, 0.0, 0.0, 0.0, 0.0, 0.0, 0.0, 0.009883320331573487, 0.0], "(-1, 0, 3, 5)": [0.0, 0.0, 0.0, 0.0, 0.0, 0.009845373034477235, 0.0, 0.00979595184326172, 0.0], "(-1, 0, 4, 6)": [0.0, 0.0, 0.0, 0.0, 0.009666187167167663, 0.00973432183265686, 0.0, 0.0, 0.0], "(0, 1, 3, 6)": [0.0, 0.0, 0.009199342131614685, 0.0, 0.008527401685714722, 0.009590910077095031, 0.008359066247940064, 0.0, 0.01823457989692688], "(0, 1, 4, 7)": [0.0, 0.008677800893783569, 0.00939020574092865, 0.0, 0.0, 0.0, 0.0, 0.0, 0.0], "(0, 1, 4, 6)": [0.0, 0.0, 0.0, 0.009290763139724732, 0.0, 0.0, 0.0, 0.0, 0.0], "(0, 1, 2, 5)": [0.0, 0.0, 0.0, 0.0, 0.0, 0.0, 0.009102259278297425, 0.0, 0.0], "(0, 1, 3, 5)": [0.0, 0.0, 0.0, 0.0, 0.0, 0.0, 0.00907943257007599, 0.0, 0.0], "(0, 1, 3, 7)": [0.0, 0.0, 0.0, 0.0, 0.0, 0.0, 0.0, -0.021843583583831788, 0.0], "(0, 0, 0, 0)": [0.0, 0.0, 0.0, 0.0, 0.0, 0.0, 0.0, 0.0, 0.0]}}