{"episode": 9999, "cumulative_reward": 0.3736124150454998, "epsilon": 0.04977959862705961, "_timestamp": 1742589429, "_runtime": 1974, "_step": 10099, "sum_reward": 0.6001110298745335, "sum_count": 0.6585, "_wandb": {"runtime": 1974}}