{"q_values": {"(-1, 0, 2, 4)": [0.0, 0.0, 0.0, 0.0, 0.0, 0.0, 0.002978935930877924, 0.0, 0.0], "(-1, 0, -1, -1)": [0.0, 0.0, 0.0, 0.0, 0.0, 0.0, 0.0, 0.0029838264919817446, 0.0], "(-1, 0, 4, 6)": [0.0, 0.0, 0.0, 0.0, 0.0, 0.0, 0.002970387786626816, 0.0, 0.0], "(-1, 0, 6, 9)": [0.0, 0.0, 0.0, 0.0, 0.0, 0.0, 0.0, 0.002955812495201826, 0.0], "(-1, 0, 8, 13)": [0.0, 0.0, 0.0, 0.0, 0.0, 0.0, 0.0, 0.0029319693334400655, 0.0], "(-1, 0, 10, 16)": [0.0, 0.0, 0.0, 0.0, 0.0, 0.0028992421925067902, 0.0, 0.0, 0.0], "(0, 1, 10, 16)": [0.0, 0.0, 0.0, 0.0, 0.0, 0.0, 0.0, 0.002854915056377649, 0.0], "(0, 1, 12, 20)": [0.0, 0.0, 0.0, 0.0, 0.0027336903847754, 0.002797982934862375, 0.0, 0.0, 0.0], "(0, 1, 11, 19)": [0.0, 0.0, 0.0, 0.0, 0.0, 0.002661711350083351, 0.0, 0.0, 0.0], "(0, 1, 12, 19)": [0.0, 0.0, 0.0, 0.0, 0.0, 0.0, 0.0, 0.0, 0.002569702640175819], "(0, 1, 14, 23)": [0.0, 0.0, -0.0065318064764142035, 0.0, 0.0, 0.0, 0.0, 0.0, 0.0], "(0, 0, -1, 0)": [0.0, 0.0, 0.0, 0.0, 0.0, 0.0, 0.0, 0.0, 0.0]}}