{"q_values": {"(-1, 0, 1, 1)": [0.0, 0.0, 0.0, 0.0, 0.0, 0.0, 0.002982875984162092, 0.0, 0.0], "(-1, 0, -1, -1)": [0.0, 0.0, 0.0, 0.0, 0.0, 0.0, 0.0, 0.00298489211127162, 0.0], "(-1, 0, 2, 3)": [0.0, 0.0, 0.0, 0.0, 0.0, 0.0, 0.002979395817965269, 0.0, 0.0], "(-1, 0, 3, 4)": [0.0, 0.0, 0.0, 0.0, 0.0, 0.0, 0.0, 0.002973736077547073, 0.0], "(-1, 0, 4, 6)": [0.0, 0.0, 0.0, 0.0, 0.0, 0.0, 0.0, 0.0029649959877133367, 0.0], "(-1, 1, 5, 8)": [0.0, 0.0, 0.0, 0.0, 0.0, 0.002953611686825752, 0.0, 0.002938785497099161, 0.0], "(-1, 1, 6, 10)": [0.0, 0.0, 0.0, 0.00278722895309329, 0.0036883361348882316, 0.005917331387875601, 0.0, 0.0, 0.0028485316783189774], "(-1, 1, 7, 12)": [0.0, 0.0, 0.004414741018191073, 0.0, 0.0, 0.0, 0.0, 0.0, 0.0], "(-1, 1, 5, 9)": [0.0, 0.0, 0.0027598025277256965, 0.0, 0.0, 0.0, 0.0, 0.0, 0.0], "(-1, 1, 4, 8)": [0.0, 0.0, 0.0, 0.0, 0.0, 0.0, 0.0027306776493787764, 0.0, 0.0], "(0, 1, 4, 9)": [0.0, 0.0, 0.0, 0.0, 0.0, 0.0, 0.0026953727938234806, 0.0, 0.0], "(0, 2, 5, 10)": [0.0, 0.0, 0.0, 0.0, 0.003273809004575014, 0.0, 0.002507719863206148, 0.0, 0.0026503276079893113], "(0, 2, 7, 12)": [0.0, 0.00331892878934741, 0.0, 0.0, 0.0, 0.0, 0.0, 0.0, 0.0], "(0, 2, 5, 11)": [0.0, 0.0, 0.0, 0.0, 0.0, 0.0, 0.0, -0.006553074717521667, 0.0], "(0, -1, -1, 0)": [0.0, 0.0, 0.0, 0.0, 0.0, 0.0, 0.0, 0.0, 0.0]}}