{"q_values": {"(-1, 0, 1, 1)": [0.0, 0.0, 0.0, 0.0, 0.0, 0.0, 0.0009935202077031135, 0.0, 0.0], "(-1, 0, 0, 0)": [0.0, 0.0, 0.0, 0.0, 0.0, 0.0, 0.0, 0.0009947523474693298, 0.0], "(-1, 0, 2, 2)": [0.0, 0.0, 0.0, 0.0, 0.0, 0.0, 0.0009913950227200985, 0.0, 0.0], "(-1, 0, 2, 3)": [0.0, 0.0, 0.0, 0.0, 0.0, 0.0, 0.0, 0.0009878442622721195, 0.0], "(-1, 0, 3, 5)": [0.0, 0.0, 0.0, 0.0, 0.0, 0.0, 0.0, 0.0009821552783250808, 0.0], "(-1, 0, 4, 6)": [0.0, 0.0, 0.0, 0.0, 0.0, 0.0009744802489876748, 0.0, 0.0, 0.0], "(-1, 0, 4, 7)": [0.0, 0.0, 0.0, 0.0, 0.0, 0.0, 0.0, 0.000964208971709013, 0.0], "(0, 1, 5, 8)": [0.0, 0.0, 0.0, 0.0008540122769773007, 0.0010296542556956412, 0.0018769819738183172, 0.0, 0.0, 0.0008991064503788949], "(0, 1, 6, 9)": [0.0, 0.0, 0.0010599730692076631, 0.0, 0.0, 0.0, 0.0, 0.0, 0.0], "(0, 1, 4, 7)": [0.0, 0.0, 0.0008336324244737625, 0.0, 0.0, 0.0, 0.0, 0.0, 0.0], "(0, 1, 3, 6)": [0.0, 0.0, 0.0, 0.0, 0.0, 0.0, -0.0021879879757761957, 0.0, 0.0], "(0, 0, 0, 0)": [0.0, 0.0, 0.0, 0.0, 0.0, 0.0, 0.0, 0.0, 0.0]}}